date,county,state,federal_process_cd,cumulative_cases,cumulative_death
3/6/2020,Honolulu,Hawaii,15003,1,0
3/7/2020,Honolulu,Hawaii,15003,1,0
3/8/2020,Honolulu,Hawaii,15003,2,0
3/9/2020,Honolulu,Hawaii,15003,2,0
3/10/2020,Honolulu,Hawaii,15003,2,0
3/11/2020,Honolulu,Hawaii,15003,2,0
3/12/2020,Honolulu,Hawaii,15003,2,0
3/13/2020,Honolulu,Hawaii,15003,2,0
3/14/2020,Honolulu,Hawaii,15003,2,0
3/14/2020,Kauai,Hawaii,15007,2,0
3/15/2020,Honolulu,Hawaii,15003,4,0
3/15/2020,Kauai,Hawaii,15007,2,0
3/15/2020,Maui,Hawaii,15009,1,0
3/16/2020,Honolulu,Hawaii,15003,6,0
3/16/2020,Kauai,Hawaii,15007,2,0
3/16/2020,Maui,Hawaii,15009,2,0
3/17/2020,Hawaii,Hawaii,15001,1,0
3/17/2020,Honolulu,Hawaii,15003,8,0
3/17/2020,Kauai,Hawaii,15007,2,0
3/17/2020,Maui,Hawaii,15009,3,0
3/18/2020,Hawaii,Hawaii,15001,1,0
3/18/2020,Honolulu,Hawaii,15003,10,0
3/18/2020,Kauai,Hawaii,15007,2,0
3/18/2020,Maui,Hawaii,15009,3,0
3/19/2020,Hawaii,Hawaii,15001,1,0
3/19/2020,Honolulu,Hawaii,15003,18,0
3/19/2020,Kauai,Hawaii,15007,2,0
3/19/2020,Maui,Hawaii,15009,5,0
3/20/2020,Hawaii,Hawaii,15001,1,0
3/20/2020,Honolulu,Hawaii,15003,28,0
3/20/2020,Kauai,Hawaii,15007,3,0
3/20/2020,Maui,Hawaii,15009,5,0
3/21/2020,Hawaii,Hawaii,15001,3,0
3/21/2020,Honolulu,Hawaii,15003,35,0
3/21/2020,Kauai,Hawaii,15007,3,0
3/21/2020,Maui,Hawaii,15009,7,0
3/22/2020,Hawaii,Hawaii,15001,3,0
3/22/2020,Honolulu,Hawaii,15003,41,0
3/22/2020,Kauai,Hawaii,15007,3,0
3/22/2020,Maui,Hawaii,15009,9,0
3/23/2020,Hawaii,Hawaii,15001,5,0
3/23/2020,Honolulu,Hawaii,15003,53,0
3/23/2020,Kauai,Hawaii,15007,3,0
3/23/2020,Maui,Hawaii,15009,11,0
3/23/2020,Unknown,Hawaii,,5,0
3/24/2020,Hawaii,Hawaii,15001,5,0
3/24/2020,Honolulu,Hawaii,15003,58,0
3/24/2020,Kauai,Hawaii,15007,3,0
3/24/2020,Maui,Hawaii,15009,11,0
3/24/2020,Unknown,Hawaii,,13,0
3/25/2020,Hawaii,Hawaii,15001,5,0
3/25/2020,Honolulu,Hawaii,15003,68,0
3/25/2020,Kauai,Hawaii,15007,5,0
3/25/2020,Maui,Hawaii,15009,13,0
3/25/2020,Unknown,Hawaii,,4,0
3/26/2020,Hawaii,Hawaii,15001,5,0
3/26/2020,Honolulu,Hawaii,15003,77,0
3/26/2020,Kauai,Hawaii,15007,5,0
3/26/2020,Maui,Hawaii,15009,14,0
3/26/2020,Unknown,Hawaii,,5,0
3/27/2020,Hawaii,Hawaii,15001,7,0
3/27/2020,Honolulu,Hawaii,15003,87,0
3/27/2020,Kauai,Hawaii,15007,5,0
3/27/2020,Maui,Hawaii,15009,16,0
3/27/2020,Unknown,Hawaii,,5,0
3/28/2020,Hawaii,Hawaii,15001,10,0
3/28/2020,Honolulu,Hawaii,15003,108,0
3/28/2020,Kauai,Hawaii,15007,11,0
3/28/2020,Maui,Hawaii,15009,16,0
3/28/2020,Unknown,Hawaii,,6,0
3/29/2020,Hawaii,Hawaii,15001,12,0
3/29/2020,Honolulu,Hawaii,15003,119,0
3/29/2020,Kauai,Hawaii,15007,12,0
3/29/2020,Maui,Hawaii,15009,20,0
3/29/2020,Unknown,Hawaii,,12,0
3/30/2020,Hawaii,Hawaii,15001,15,0
3/30/2020,Honolulu,Hawaii,15003,139,0
3/30/2020,Kauai,Hawaii,15007,12,0
3/30/2020,Maui,Hawaii,15009,25,0
3/30/2020,Unknown,Hawaii,,13,0
3/31/2020,Hawaii,Hawaii,15001,15,0
3/31/2020,Honolulu,Hawaii,15003,157,1
3/31/2020,Kauai,Hawaii,15007,12,0
3/31/2020,Maui,Hawaii,15009,25,0
3/31/2020,Unknown,Hawaii,,15,0
4/1/2020,Hawaii,Hawaii,15001,18,0
4/1/2020,Honolulu,Hawaii,15003,182,1
4/1/2020,Kauai,Hawaii,15007,12,0
4/1/2020,Maui,Hawaii,15009,26,0
4/1/2020,Unknown,Hawaii,,20,0
4/2/2020,Hawaii,Hawaii,15001,18,0
4/2/2020,Honolulu,Hawaii,15003,206,2
4/2/2020,Kauai,Hawaii,15007,12,0
4/2/2020,Maui,Hawaii,15009,27,0
4/2/2020,Unknown,Hawaii,,20,0
4/3/2020,Hawaii,Hawaii,15001,20,0
4/3/2020,Honolulu,Hawaii,15003,237,2
4/3/2020,Kauai,Hawaii,15007,13,0
4/3/2020,Maui,Hawaii,15009,36,0
4/3/2020,Unknown,Hawaii,,11,1
4/4/2020,Hawaii,Hawaii,15001,22,0
4/4/2020,Honolulu,Hawaii,15003,266,2
4/4/2020,Kauai,Hawaii,15007,15,0
4/4/2020,Maui,Hawaii,15009,38,0
4/4/2020,Unknown,Hawaii,,8,1
4/5/2020,Hawaii,Hawaii,15001,22,0
4/5/2020,Honolulu,Hawaii,15003,281,2
4/5/2020,Kauai,Hawaii,15007,16,0
4/5/2020,Maui,Hawaii,15009,43,0
4/5/2020,Unknown,Hawaii,,7,2
4/6/2020,Hawaii,Hawaii,15001,23,0
4/6/2020,Honolulu,Hawaii,15003,292,4
4/6/2020,Kauai,Hawaii,15007,17,0
4/6/2020,Maui,Hawaii,15009,44,1
4/6/2020,Unknown,Hawaii,,9,0
4/7/2020,Hawaii,Hawaii,15001,23,0
4/7/2020,Honolulu,Hawaii,15003,312,4
4/7/2020,Kauai,Hawaii,15007,18,0
4/7/2020,Maui,Hawaii,15009,48,1
4/7/2020,Unknown,Hawaii,,7,0
4/8/2020,Hawaii,Hawaii,15001,26,0
4/8/2020,Honolulu,Hawaii,15003,328,4
4/8/2020,Kauai,Hawaii,15007,18,0
4/8/2020,Maui,Hawaii,15009,54,1
4/8/2020,Unknown,Hawaii,,7,0
4/9/2020,Hawaii,Hawaii,15001,28,0
4/9/2020,Honolulu,Hawaii,15003,334,4
4/9/2020,Kauai,Hawaii,15007,18,0
4/9/2020,Maui,Hawaii,15009,57,2
4/9/2020,Unknown,Hawaii,,3,0
4/10/2020,Hawaii,Hawaii,15001,31,0
4/10/2020,Honolulu,Hawaii,15003,343,5
4/10/2020,Kauai,Hawaii,15007,19,0
4/10/2020,Maui,Hawaii,15009,66,3
4/10/2020,Unknown,Hawaii,,4,0
4/11/2020,Hawaii,Hawaii,15001,34,0
4/11/2020,Honolulu,Hawaii,15003,348,5
4/11/2020,Kauai,Hawaii,15007,19,0
4/11/2020,Maui,Hawaii,15009,80,3
4/11/2020,Unknown,Hawaii,,3,0
4/12/2020,Hawaii,Hawaii,15001,39,0
4/12/2020,Honolulu,Hawaii,15003,350,6
4/12/2020,Kauai,Hawaii,15007,21,0
4/12/2020,Maui,Hawaii,15009,84,3
4/12/2020,Unknown,Hawaii,,3,0
4/13/2020,Hawaii,Hawaii,15001,40,0
4/13/2020,Honolulu,Hawaii,15003,352,6
4/13/2020,Kauai,Hawaii,15007,21,0
4/13/2020,Maui,Hawaii,15009,86,3
4/13/2020,Unknown,Hawaii,,3,0
4/14/2020,Hawaii,Hawaii,15001,41,0
4/14/2020,Honolulu,Hawaii,15003,358,6
4/14/2020,Kauai,Hawaii,15007,21,0
4/14/2020,Maui,Hawaii,15009,88,3
4/14/2020,Unknown,Hawaii,,3,0
4/15/2020,Hawaii,Hawaii,15001,41,0
4/15/2020,Honolulu,Hawaii,15003,369,6
4/15/2020,Kauai,Hawaii,15007,21,0
4/15/2020,Maui,Hawaii,15009,92,3
4/15/2020,Unknown,Hawaii,,1,0
4/16/2020,Hawaii,Hawaii,15001,41,0
4/16/2020,Honolulu,Hawaii,15003,373,6
4/16/2020,Kauai,Hawaii,15007,21,0
4/16/2020,Maui,Hawaii,15009,95,3
4/16/2020,Unknown,Hawaii,,5,0
4/17/2020,Hawaii,Hawaii,15001,44,0
4/17/2020,Honolulu,Hawaii,15003,380,6
4/17/2020,Kauai,Hawaii,15007,21,0
4/17/2020,Maui,Hawaii,15009,102,3
4/18/2020,Hawaii,Hawaii,15001,61,0
4/18/2020,Honolulu,Hawaii,15003,382,6
4/18/2020,Kauai,Hawaii,15007,21,0
4/18/2020,Maui,Hawaii,15009,104,3
4/19/2020,Hawaii,Hawaii,15001,62,0
4/19/2020,Honolulu,Hawaii,15003,385,6
4/19/2020,Kauai,Hawaii,15007,21,0
4/19/2020,Maui,Hawaii,15009,106,4
4/20/2020,Hawaii,Hawaii,15001,64,0
4/20/2020,Honolulu,Hawaii,15003,385,6
4/20/2020,Kauai,Hawaii,15007,21,0
4/20/2020,Maui,Hawaii,15009,108,4
4/21/2020,Hawaii,Hawaii,15001,64,0
4/21/2020,Honolulu,Hawaii,15003,385,7
4/21/2020,Kauai,Hawaii,15007,21,0
4/21/2020,Maui,Hawaii,15009,110,5
4/22/2020,Hawaii,Hawaii,15001,67,0
4/22/2020,Honolulu,Hawaii,15003,388,7
4/22/2020,Kauai,Hawaii,15007,21,0
4/22/2020,Maui,Hawaii,15009,110,5
4/23/2020,Hawaii,Hawaii,15001,68,0
4/23/2020,Honolulu,Hawaii,15003,389,7
4/23/2020,Kauai,Hawaii,15007,21,0
4/23/2020,Maui,Hawaii,15009,112,5
4/24/2020,Hawaii,Hawaii,15001,69,0
4/24/2020,Honolulu,Hawaii,15003,392,8
4/24/2020,Kauai,Hawaii,15007,21,0
4/24/2020,Maui,Hawaii,15009,113,5
4/25/2020,Hawaii,Hawaii,15001,69,0
4/25/2020,Honolulu,Hawaii,15003,395,9
4/25/2020,Kauai,Hawaii,15007,21,0
4/25/2020,Maui,Hawaii,15009,112,5
4/26/2020,Hawaii,Hawaii,15001,70,0
4/26/2020,Honolulu,Hawaii,15003,396,9
4/26/2020,Kauai,Hawaii,15007,21,0
4/26/2020,Maui,Hawaii,15009,112,5
4/27/2020,Hawaii,Hawaii,15001,70,0
4/27/2020,Honolulu,Hawaii,15003,396,11
4/27/2020,Kauai,Hawaii,15007,21,0
4/27/2020,Maui,Hawaii,15009,113,5
4/28/2020,Hawaii,Hawaii,15001,70,0
4/28/2020,Honolulu,Hawaii,15003,396,11
4/28/2020,Kauai,Hawaii,15007,21,0
4/28/2020,Maui,Hawaii,15009,115,5
4/29/2020,Hawaii,Hawaii,15001,70,0
4/29/2020,Honolulu,Hawaii,15003,399,11
4/29/2020,Kauai,Hawaii,15007,21,0
4/29/2020,Maui,Hawaii,15009,115,5
4/30/2020,Hawaii,Hawaii,15001,73,0
4/30/2020,Honolulu,Hawaii,15003,399,11
4/30/2020,Kauai,Hawaii,15007,21,0
4/30/2020,Maui,Hawaii,15009,116,5
5/1/2020,Hawaii,Hawaii,15001,73,0
5/1/2020,Honolulu,Hawaii,15003,400,11
5/1/2020,Kauai,Hawaii,15007,21,0
5/1/2020,Maui,Hawaii,15009,116,5
5/2/2020,Hawaii,Hawaii,15001,73,0
5/2/2020,Honolulu,Hawaii,15003,400,11
5/2/2020,Kauai,Hawaii,15007,21,0
5/2/2020,Maui,Hawaii,15009,117,5
5/3/2020,Hawaii,Hawaii,15001,74,0
5/3/2020,Honolulu,Hawaii,15003,400,11
5/3/2020,Kauai,Hawaii,15007,21,0
5/3/2020,Maui,Hawaii,15009,116,6
5/4/2020,Hawaii,Hawaii,15001,75,0
5/4/2020,Honolulu,Hawaii,15003,400,11
5/4/2020,Kauai,Hawaii,15007,21,0
5/4/2020,Maui,Hawaii,15009,116,6
5/5/2020,Hawaii,Hawaii,15001,74,0
5/5/2020,Honolulu,Hawaii,15003,404,11
5/5/2020,Kauai,Hawaii,15007,21,0
5/5/2020,Maui,Hawaii,15009,116,6
5/6/2020,Hawaii,Hawaii,15001,74,0
5/6/2020,Honolulu,Hawaii,15003,405,11
5/6/2020,Kauai,Hawaii,15007,21,0
5/6/2020,Maui,Hawaii,15009,116,6
5/7/2020,Hawaii,Hawaii,15001,74,0
5/7/2020,Honolulu,Hawaii,15003,408,11
5/7/2020,Kauai,Hawaii,15007,21,0
5/7/2020,Maui,Hawaii,15009,116,6
5/8/2020,Hawaii,Hawaii,15001,74,0
5/8/2020,Honolulu,Hawaii,15003,408,11
5/8/2020,Kauai,Hawaii,15007,21,0
5/8/2020,Maui,Hawaii,15009,116,6
5/9/2020,Hawaii,Hawaii,15001,75,0
5/9/2020,Honolulu,Hawaii,15003,407,11
5/9/2020,Kauai,Hawaii,15007,21,0
5/9/2020,Maui,Hawaii,15009,117,6
5/10/2020,Hawaii,Hawaii,15001,75,0
5/10/2020,Honolulu,Hawaii,15003,408,11
5/10/2020,Kauai,Hawaii,15007,21,0
5/10/2020,Maui,Hawaii,15009,117,6
5/11/2020,Hawaii,Hawaii,15001,75,0
5/11/2020,Honolulu,Hawaii,15003,410,11
5/11/2020,Kauai,Hawaii,15007,21,0
5/11/2020,Maui,Hawaii,15009,117,6
5/12/2020,Hawaii,Hawaii,15001,75,0
5/12/2020,Honolulu,Hawaii,15003,411,11
5/12/2020,Kauai,Hawaii,15007,21,0
5/12/2020,Maui,Hawaii,15009,117,6
5/13/2020,Hawaii,Hawaii,15001,75,0
5/13/2020,Honolulu,Hawaii,15003,414,11
5/13/2020,Kauai,Hawaii,15007,21,0
5/13/2020,Maui,Hawaii,15009,117,6
5/14/2020,Hawaii,Hawaii,15001,75,0
5/14/2020,Honolulu,Hawaii,15003,414,11
5/14/2020,Kauai,Hawaii,15007,21,0
5/14/2020,Maui,Hawaii,15009,117,6
5/15/2020,Hawaii,Hawaii,15001,76,0
5/15/2020,Honolulu,Hawaii,15003,414,11
5/15/2020,Kauai,Hawaii,15007,21,0
5/15/2020,Maui,Hawaii,15009,117,6
5/16/2020,Hawaii,Hawaii,15001,76,0
5/16/2020,Honolulu,Hawaii,15003,415,11
5/16/2020,Kauai,Hawaii,15007,21,0
5/16/2020,Maui,Hawaii,15009,117,6
5/17/2020,Hawaii,Hawaii,15001,77,0
5/17/2020,Honolulu,Hawaii,15003,415,11
5/17/2020,Kauai,Hawaii,15007,21,0
5/17/2020,Maui,Hawaii,15009,117,6
5/18/2020,Hawaii,Hawaii,15001,77,0
5/18/2020,Honolulu,Hawaii,15003,415,11
5/18/2020,Kauai,Hawaii,15007,21,0
5/18/2020,Maui,Hawaii,15009,117,6
5/19/2020,Hawaii,Hawaii,15001,78,0
5/19/2020,Honolulu,Hawaii,15003,415,11
5/19/2020,Kauai,Hawaii,15007,21,0
5/19/2020,Maui,Hawaii,15009,117,6
5/20/2020,Hawaii,Hawaii,15001,79,0
5/20/2020,Honolulu,Hawaii,15003,416,11
5/20/2020,Kauai,Hawaii,15007,21,0
5/20/2020,Maui,Hawaii,15009,117,6
5/21/2020,Hawaii,Hawaii,15001,82,0
5/21/2020,Honolulu,Hawaii,15003,416,11
5/21/2020,Kauai,Hawaii,15007,21,0
5/21/2020,Maui,Hawaii,15009,118,6
5/22/2020,Hawaii,Hawaii,15001,81,0
5/22/2020,Honolulu,Hawaii,15003,414,11
5/22/2020,Kauai,Hawaii,15007,20,0
5/22/2020,Maui,Hawaii,15009,117,6
5/23/2020,Hawaii,Hawaii,15001,81,0
5/23/2020,Honolulu,Hawaii,15003,414,11
5/23/2020,Kauai,Hawaii,15007,20,0
5/23/2020,Maui,Hawaii,15009,118,6
5/24/2020,Hawaii,Hawaii,15001,81,0
5/24/2020,Honolulu,Hawaii,15003,414,11
5/24/2020,Kauai,Hawaii,15007,20,0
5/24/2020,Maui,Hawaii,15009,118,6
5/25/2020,Hawaii,Hawaii,15001,81,0
5/25/2020,Honolulu,Hawaii,15003,414,11
5/25/2020,Kauai,Hawaii,15007,20,0
5/25/2020,Maui,Hawaii,15009,118,6
5/26/2020,Hawaii,Hawaii,15001,81,0
5/26/2020,Honolulu,Hawaii,15003,414,11
5/26/2020,Kauai,Hawaii,15007,20,0
5/26/2020,Maui,Hawaii,15009,118,6
5/27/2020,Hawaii,Hawaii,15001,82,0
5/27/2020,Honolulu,Hawaii,15003,414,11
5/27/2020,Kauai,Hawaii,15007,20,0
5/27/2020,Maui,Hawaii,15009,118,6
5/28/2020,Hawaii,Hawaii,15001,82,0
5/28/2020,Honolulu,Hawaii,15003,417,11
5/28/2020,Kauai,Hawaii,15007,20,0
5/28/2020,Maui,Hawaii,15009,118,6
5/29/2020,Hawaii,Hawaii,15001,82,0
5/29/2020,Honolulu,Hawaii,15003,419,11
5/29/2020,Kauai,Hawaii,15007,20,0
5/29/2020,Maui,Hawaii,15009,118,6
5/30/2020,Hawaii,Hawaii,15001,81,0
5/30/2020,Honolulu,Hawaii,15003,421,11
5/30/2020,Kauai,Hawaii,15007,20,0
5/30/2020,Maui,Hawaii,15009,119,6
5/31/2020,Hawaii,Hawaii,15001,81,0
5/31/2020,Honolulu,Hawaii,15003,421,11
5/31/2020,Kauai,Hawaii,15007,20,0
5/31/2020,Maui,Hawaii,15009,120,6
6/1/2020,Hawaii,Hawaii,15001,81,0
6/1/2020,Honolulu,Hawaii,15003,421,11
6/1/2020,Kauai,Hawaii,15007,20,0
6/1/2020,Maui,Hawaii,15009,120,6
6/2/2020,Hawaii,Hawaii,15001,81,0
6/2/2020,Honolulu,Hawaii,15003,422,11
6/2/2020,Kauai,Hawaii,15007,20,0
6/2/2020,Maui,Hawaii,15009,120,6
6/3/2020,Hawaii,Hawaii,15001,81,0
6/3/2020,Honolulu,Hawaii,15003,423,11
6/3/2020,Kauai,Hawaii,15007,20,0
6/3/2020,Maui,Hawaii,15009,119,6
6/4/2020,Hawaii,Hawaii,15001,81,0
6/4/2020,Honolulu,Hawaii,15003,424,11
6/4/2020,Kauai,Hawaii,15007,20,0
6/4/2020,Maui,Hawaii,15009,119,6
6/5/2020,Hawaii,Hawaii,15001,81,0
6/5/2020,Honolulu,Hawaii,15003,431,11
6/5/2020,Kauai,Hawaii,15007,21,0
6/5/2020,Maui,Hawaii,15009,120,6
6/6/2020,Hawaii,Hawaii,15001,81,0
6/6/2020,Honolulu,Hawaii,15003,439,11
6/6/2020,Kauai,Hawaii,15007,21,0
6/6/2020,Maui,Hawaii,15009,120,6
6/7/2020,Hawaii,Hawaii,15001,81,0
6/7/2020,Honolulu,Hawaii,15003,441,11
6/7/2020,Kauai,Hawaii,15007,21,0
6/7/2020,Maui,Hawaii,15009,120,6
6/8/2020,Hawaii,Hawaii,15001,81,0
6/8/2020,Honolulu,Hawaii,15003,442,11
6/8/2020,Kauai,Hawaii,15007,21,0
6/8/2020,Maui,Hawaii,15009,120,6
6/9/2020,Hawaii,Hawaii,15001,81,0
6/9/2020,Honolulu,Hawaii,15003,448,11
6/9/2020,Kauai,Hawaii,15007,21,0
6/9/2020,Maui,Hawaii,15009,120,6
6/10/2020,Hawaii,Hawaii,15001,81,0
6/10/2020,Honolulu,Hawaii,15003,451,11
6/10/2020,Kauai,Hawaii,15007,21,0
6/10/2020,Maui,Hawaii,15009,120,6
6/11/2020,Hawaii,Hawaii,15001,81,0
6/11/2020,Honolulu,Hawaii,15003,458,11
6/11/2020,Kauai,Hawaii,15007,21,0
6/11/2020,Maui,Hawaii,15009,120,6
6/12/2020,Hawaii,Hawaii,15001,81,0
6/12/2020,Honolulu,Hawaii,15003,472,11
6/12/2020,Kauai,Hawaii,15007,21,0
6/12/2020,Maui,Hawaii,15009,120,6
6/13/2020,Hawaii,Hawaii,15001,81,0
6/13/2020,Honolulu,Hawaii,15003,489,11
6/13/2020,Kauai,Hawaii,15007,21,0
6/13/2020,Maui,Hawaii,15009,120,6
6/14/2020,Hawaii,Hawaii,15001,82,0
6/14/2020,Honolulu,Hawaii,15003,493,11
6/14/2020,Kauai,Hawaii,15007,21,0
6/14/2020,Maui,Hawaii,15009,120,6
6/15/2020,Hawaii,Hawaii,15001,82,0
6/15/2020,Honolulu,Hawaii,15003,501,11
6/15/2020,Kauai,Hawaii,15007,21,0
6/15/2020,Maui,Hawaii,15009,120,6
6/16/2020,Hawaii,Hawaii,15001,82,0
6/16/2020,Honolulu,Hawaii,15003,505,11
6/16/2020,Kauai,Hawaii,15007,21,0
6/16/2020,Maui,Hawaii,15009,120,6
6/17/2020,Hawaii,Hawaii,15001,83,0
6/17/2020,Honolulu,Hawaii,15003,508,11
6/17/2020,Kauai,Hawaii,15007,21,0
6/17/2020,Maui,Hawaii,15009,120,6
6/18/2020,Hawaii,Hawaii,15001,83,0
6/18/2020,Honolulu,Hawaii,15003,526,11
6/18/2020,Kauai,Hawaii,15007,21,0
6/18/2020,Maui,Hawaii,15009,120,6
6/19/2020,Hawaii,Hawaii,15001,83,0
6/19/2020,Honolulu,Hawaii,15003,551,11
6/19/2020,Kauai,Hawaii,15007,22,0
6/19/2020,Maui,Hawaii,15009,121,6
6/20/2020,Hawaii,Hawaii,15001,83,0
6/20/2020,Honolulu,Hawaii,15003,557,11
6/20/2020,Kauai,Hawaii,15007,29,0
6/20/2020,Maui,Hawaii,15009,122,6
6/21/2020,Hawaii,Hawaii,15001,85,0
6/21/2020,Honolulu,Hawaii,15003,566,11
6/21/2020,Kauai,Hawaii,15007,29,0
6/21/2020,Maui,Hawaii,15009,122,6
6/22/2020,Hawaii,Hawaii,15001,85,0
6/22/2020,Honolulu,Hawaii,15003,568,11
6/22/2020,Kauai,Hawaii,15007,29,0
6/22/2020,Maui,Hawaii,15009,122,6
6/23/2020,Hawaii,Hawaii,15001,85,0
6/23/2020,Honolulu,Hawaii,15003,571,11
6/23/2020,Kauai,Hawaii,15007,29,0
6/23/2020,Maui,Hawaii,15009,122,6
6/24/2020,Hawaii,Hawaii,15001,86,0
6/24/2020,Honolulu,Hawaii,15003,584,11
6/24/2020,Kauai,Hawaii,15007,29,0
6/24/2020,Maui,Hawaii,15009,122,6
6/25/2020,Hawaii,Hawaii,15001,86,0
6/25/2020,Honolulu,Hawaii,15003,595,11
6/25/2020,Kauai,Hawaii,15007,33,0
6/25/2020,Maui,Hawaii,15009,122,6
6/26/2020,Hawaii,Hawaii,15001,86,0
6/26/2020,Honolulu,Hawaii,15003,608,11
6/26/2020,Kauai,Hawaii,15007,34,0
6/26/2020,Maui,Hawaii,15009,122,6
6/27/2020,Hawaii,Hawaii,15001,86,0
6/27/2020,Honolulu,Hawaii,15003,613,12
6/27/2020,Kauai,Hawaii,15007,35,0
6/27/2020,Maui,Hawaii,15009,122,6
6/28/2020,Hawaii,Hawaii,15001,87,0
6/28/2020,Honolulu,Hawaii,15003,636,12
6/28/2020,Kauai,Hawaii,15007,37,0
6/28/2020,Maui,Hawaii,15009,123,6
6/29/2020,Hawaii,Hawaii,15001,87,0
6/29/2020,Honolulu,Hawaii,15003,638,12
6/29/2020,Kauai,Hawaii,15007,37,0
6/29/2020,Maui,Hawaii,15009,122,6
6/30/2020,Hawaii,Hawaii,15001,87,0
6/30/2020,Honolulu,Hawaii,15003,652,12
6/30/2020,Kauai,Hawaii,15007,38,0
6/30/2020,Maui,Hawaii,15009,123,6
6/30/2020,Unknown,Hawaii,,1,0
7/1/2020,Hawaii,Hawaii,15001,87,0
7/1/2020,Honolulu,Hawaii,15003,659,12
7/1/2020,Kauai,Hawaii,15007,38,0
7/1/2020,Maui,Hawaii,15009,125,6
7/2/2020,Hawaii,Hawaii,15001,90,0
7/2/2020,Honolulu,Hawaii,15003,676,12
7/2/2020,Kauai,Hawaii,15007,38,0
7/2/2020,Maui,Hawaii,15009,125,6
7/3/2020,Hawaii,Hawaii,15001,91,0
7/3/2020,Honolulu,Hawaii,15003,701,13
7/3/2020,Kauai,Hawaii,15007,38,0
7/3/2020,Maui,Hawaii,15009,127,6
7/4/2020,Hawaii,Hawaii,15001,93,0
7/4/2020,Honolulu,Hawaii,15003,720,13
7/4/2020,Kauai,Hawaii,15007,40,0
7/4/2020,Maui,Hawaii,15009,128,6
7/5/2020,Hawaii,Hawaii,15001,93,0
7/5/2020,Honolulu,Hawaii,15003,744,13
7/5/2020,Kauai,Hawaii,15007,40,0
7/5/2020,Maui,Hawaii,15009,128,6
7/6/2020,Hawaii,Hawaii,15001,94,0
7/6/2020,Honolulu,Hawaii,15003,750,13
7/6/2020,Kauai,Hawaii,15007,40,0
7/6/2020,Maui,Hawaii,15009,128,6
7/7/2020,Hawaii,Hawaii,15001,95,0
7/7/2020,Honolulu,Hawaii,15003,788,13
7/7/2020,Kauai,Hawaii,15007,42,0
7/7/2020,Maui,Hawaii,15009,128,6
7/8/2020,Hawaii,Hawaii,15001,96,0
7/8/2020,Honolulu,Hawaii,15003,808,13
7/8/2020,Kauai,Hawaii,15007,42,0
7/8/2020,Maui,Hawaii,15009,130,6
7/9/2020,Hawaii,Hawaii,15001,97,0
7/9/2020,Honolulu,Hawaii,15003,842,13
7/9/2020,Kauai,Hawaii,15007,43,0
7/9/2020,Maui,Hawaii,15009,130,6
7/10/2020,Hawaii,Hawaii,15001,98,0
7/10/2020,Honolulu,Hawaii,15003,867,13
7/10/2020,Kauai,Hawaii,15007,43,0
7/10/2020,Maui,Hawaii,15009,131,6
7/11/2020,Hawaii,Hawaii,15001,100,0
7/11/2020,Honolulu,Hawaii,15003,905,13
7/11/2020,Kauai,Hawaii,15007,43,0
7/11/2020,Maui,Hawaii,15009,133,6
7/12/2020,Hawaii,Hawaii,15001,101,0
7/12/2020,Honolulu,Hawaii,15003,923,13
7/12/2020,Kauai,Hawaii,15007,43,0
7/12/2020,Maui,Hawaii,15009,134,6
7/13/2020,Hawaii,Hawaii,15001,102,0
7/13/2020,Honolulu,Hawaii,15003,942,15
7/13/2020,Kauai,Hawaii,15007,43,0
7/13/2020,Maui,Hawaii,15009,135,6
7/14/2020,Hawaii,Hawaii,15001,105,0
7/14/2020,Honolulu,Hawaii,15003,960,15
7/14/2020,Kauai,Hawaii,15007,43,0
7/14/2020,Maui,Hawaii,15009,135,6
7/15/2020,Hawaii,Hawaii,15001,107,0
7/15/2020,Honolulu,Hawaii,15003,986,15
7/15/2020,Kauai,Hawaii,15007,43,0
7/15/2020,Maui,Hawaii,15009,135,6
7/16/2020,Hawaii,Hawaii,15001,107,0
7/16/2020,Honolulu,Hawaii,15003,1002,15
7/16/2020,Kauai,Hawaii,15007,43,0
7/16/2020,Maui,Hawaii,15009,135,6
7/16/2020,Unknown,Hawaii,,3,0
7/17/2020,Hawaii,Hawaii,15001,109,0
7/17/2020,Honolulu,Hawaii,15003,1025,16
7/17/2020,Kauai,Hawaii,15007,43,0
7/17/2020,Maui,Hawaii,15009,135,6
7/18/2020,Hawaii,Hawaii,15001,111,0
7/18/2020,Honolulu,Hawaii,15003,1040,17
7/18/2020,Kauai,Hawaii,15007,43,0
7/18/2020,Maui,Hawaii,15009,135,6
7/18/2020,Unknown,Hawaii,,3,0
7/19/2020,Hawaii,Hawaii,15001,113,0
7/19/2020,Honolulu,Hawaii,15003,1065,17
7/19/2020,Kauai,Hawaii,15007,43,0
7/19/2020,Maui,Hawaii,15009,135,6
7/19/2020,Unknown,Hawaii,,3,0
7/20/2020,Hawaii,Hawaii,15001,114,0
7/20/2020,Honolulu,Hawaii,15003,1079,17
7/20/2020,Kauai,Hawaii,15007,43,0
7/20/2020,Maui,Hawaii,15009,135,6
7/21/2020,Hawaii,Hawaii,15001,114,0
7/21/2020,Honolulu,Hawaii,15003,1100,17
7/21/2020,Kauai,Hawaii,15007,43,0
7/21/2020,Maui,Hawaii,15009,139,6
7/22/2020,Hawaii,Hawaii,15001,114,0
7/22/2020,Honolulu,Hawaii,15003,1117,18
7/22/2020,Kauai,Hawaii,15007,43,0
7/22/2020,Maui,Hawaii,15009,139,6
7/23/2020,Hawaii,Hawaii,15001,117,0
7/23/2020,Honolulu,Hawaii,15003,1167,19
7/23/2020,Kauai,Hawaii,15007,43,0
7/23/2020,Maui,Hawaii,15009,141,6
7/24/2020,Hawaii,Hawaii,15001,117,0
7/24/2020,Honolulu,Hawaii,15003,1225,19
7/24/2020,Kauai,Hawaii,15007,43,0
7/24/2020,Maui,Hawaii,15009,141,6
7/25/2020,Hawaii,Hawaii,15001,117,0
7/25/2020,Honolulu,Hawaii,15003,1291,19
7/25/2020,Kauai,Hawaii,15007,43,0
7/25/2020,Maui,Hawaii,15009,146,6
7/26/2020,Hawaii,Hawaii,15001,117,0
7/26/2020,Honolulu,Hawaii,15003,1345,19
7/26/2020,Kauai,Hawaii,15007,45,0
7/26/2020,Maui,Hawaii,15009,153,6
7/27/2020,Hawaii,Hawaii,15001,117,0
7/27/2020,Honolulu,Hawaii,15003,1373,19
7/27/2020,Kauai,Hawaii,15007,45,0
7/27/2020,Maui,Hawaii,15009,153,6
7/28/2020,Hawaii,Hawaii,15001,116,0
7/28/2020,Honolulu,Hawaii,15003,1419,19
7/28/2020,Kauai,Hawaii,15007,45,0
7/28/2020,Maui,Hawaii,15009,154,6
7/29/2020,Hawaii,Hawaii,15001,116,0
7/29/2020,Honolulu,Hawaii,15003,1516,19
7/29/2020,Kauai,Hawaii,15007,47,0
7/29/2020,Maui,Hawaii,15009,163,6
7/30/2020,Hawaii,Hawaii,15001,115,0
7/30/2020,Honolulu,Hawaii,15003,1637,19
7/30/2020,Kauai,Hawaii,15007,47,0
7/30/2020,Maui,Hawaii,15009,167,6
7/31/2020,Hawaii,Hawaii,15001,115,0
7/31/2020,Honolulu,Hawaii,15003,1755,19
7/31/2020,Kauai,Hawaii,15007,47,0
7/31/2020,Maui,Hawaii,15009,171,6
8/1/2020,Hawaii,Hawaii,15001,115,0
8/1/2020,Honolulu,Hawaii,15003,1842,19
8/1/2020,Kauai,Hawaii,15007,47,0
8/1/2020,Maui,Hawaii,15009,170,6
8/2/2020,Hawaii,Hawaii,15001,115,0
8/2/2020,Honolulu,Hawaii,15003,1886,19
8/2/2020,Kauai,Hawaii,15007,47,0
8/2/2020,Maui,Hawaii,15009,171,6
8/3/2020,Hawaii,Hawaii,15001,117,0
8/3/2020,Honolulu,Hawaii,15003,2083,19
8/3/2020,Kauai,Hawaii,15007,47,0
8/3/2020,Maui,Hawaii,15009,178,6
8/4/2020,Hawaii,Hawaii,15001,122,0
8/4/2020,Honolulu,Hawaii,15003,2221,20
8/4/2020,Kauai,Hawaii,15007,47,0
8/4/2020,Maui,Hawaii,15009,178,6
8/5/2020,Hawaii,Hawaii,15001,122,0
8/5/2020,Honolulu,Hawaii,15003,2394,20
8/5/2020,Kauai,Hawaii,15007,47,0
8/5/2020,Maui,Hawaii,15009,177,6
8/6/2020,Hawaii,Hawaii,15001,123,0
8/6/2020,Honolulu,Hawaii,15003,2541,22
8/6/2020,Kauai,Hawaii,15007,47,0
8/6/2020,Maui,Hawaii,15009,180,6
8/7/2020,Hawaii,Hawaii,15001,123,0
8/7/2020,Honolulu,Hawaii,15003,2741,24
8/7/2020,Kauai,Hawaii,15007,47,0
8/7/2020,Maui,Hawaii,15009,181,6
8/8/2020,Hawaii,Hawaii,15001,128,0
8/8/2020,Honolulu,Hawaii,15003,2964,24
8/8/2020,Kauai,Hawaii,15007,47,0
8/8/2020,Maui,Hawaii,15009,184,6
8/9/2020,Hawaii,Hawaii,15001,131,0
8/9/2020,Honolulu,Hawaii,15003,3111,24
8/9/2020,Kauai,Hawaii,15007,48,0
8/9/2020,Maui,Hawaii,15009,185,6
8/10/2020,Hawaii,Hawaii,15001,131,0
8/10/2020,Honolulu,Hawaii,15003,3249,27
8/10/2020,Kauai,Hawaii,15007,49,0
8/10/2020,Maui,Hawaii,15009,186,6
8/11/2020,Hawaii,Hawaii,15001,133,0
8/11/2020,Honolulu,Hawaii,15003,3361,27
8/11/2020,Kauai,Hawaii,15007,49,0
8/11/2020,Maui,Hawaii,15009,190,6
8/11/2020,Unknown,Hawaii,,0,2
8/12/2020,Hawaii,Hawaii,15001,135,0
8/12/2020,Honolulu,Hawaii,15003,3558,31
8/12/2020,Kauai,Hawaii,15007,51,0
8/12/2020,Maui,Hawaii,15009,191,6
8/13/2020,Hawaii,Hawaii,15001,139,0
8/13/2020,Honolulu,Hawaii,15003,3900,33
8/13/2020,Kauai,Hawaii,15007,52,0
8/13/2020,Maui,Hawaii,15009,198,6
8/14/2020,Hawaii,Hawaii,15001,144,0
8/14/2020,Honolulu,Hawaii,15003,4117,33
8/14/2020,Kauai,Hawaii,15007,53,0
8/14/2020,Maui,Hawaii,15009,206,6
8/15/2020,Hawaii,Hawaii,15001,145,0
8/15/2020,Honolulu,Hawaii,15003,4390,33
8/15/2020,Kauai,Hawaii,15007,54,0
8/15/2020,Maui,Hawaii,15009,213,6
8/16/2020,Hawaii,Hawaii,15001,148,0
8/16/2020,Honolulu,Hawaii,15003,4591,33
8/16/2020,Kauai,Hawaii,15007,54,0
8/16/2020,Maui,Hawaii,15009,226,6
8/17/2020,Hawaii,Hawaii,15001,149,0
8/17/2020,Honolulu,Hawaii,15003,4754,33
8/17/2020,Kauai,Hawaii,15007,54,0
8/17/2020,Maui,Hawaii,15009,235,6
8/18/2020,Hawaii,Hawaii,15001,152,0
8/18/2020,Honolulu,Hawaii,15003,4878,34
8/18/2020,Kauai,Hawaii,15007,54,0
8/18/2020,Maui,Hawaii,15009,242,6
8/19/2020,Hawaii,Hawaii,15001,159,0
8/19/2020,Honolulu,Hawaii,15003,5111,35
8/19/2020,Kauai,Hawaii,15007,54,0
8/19/2020,Maui,Hawaii,15009,262,6
8/20/2020,Hawaii,Hawaii,15001,164,0
8/20/2020,Honolulu,Hawaii,15003,5340,37
8/20/2020,Kauai,Hawaii,15007,54,0
8/20/2020,Maui,Hawaii,15009,263,7
8/21/2020,Hawaii,Hawaii,15001,177,0
8/21/2020,Honolulu,Hawaii,15003,5547,38
8/21/2020,Kauai,Hawaii,15007,56,0
8/21/2020,Maui,Hawaii,15009,269,7
8/22/2020,Hawaii,Hawaii,15001,192,0
8/22/2020,Honolulu,Hawaii,15003,5806,39
8/22/2020,Kauai,Hawaii,15007,56,0
8/22/2020,Maui,Hawaii,15009,279,7
8/23/2020,Hawaii,Hawaii,15001,200,0
8/23/2020,Honolulu,Hawaii,15003,6031,39
8/23/2020,Kauai,Hawaii,15007,56,0
8/23/2020,Maui,Hawaii,15009,290,7
8/24/2020,Hawaii,Hawaii,15001,209,0
8/24/2020,Honolulu,Hawaii,15003,6181,41
8/24/2020,Kauai,Hawaii,15007,56,0
8/24/2020,Maui,Hawaii,15009,300,7
8/25/2020,Hawaii,Hawaii,15001,220,0
8/25/2020,Honolulu,Hawaii,15003,6382,41
8/25/2020,Kauai,Hawaii,15007,56,0
8/25/2020,Maui,Hawaii,15009,303,7
8/26/2020,Hawaii,Hawaii,15001,243,0
8/26/2020,Honolulu,Hawaii,15003,6626,43
8/26/2020,Kauai,Hawaii,15007,56,0
8/26/2020,Maui,Hawaii,15009,311,7
8/27/2020,Hawaii,Hawaii,15001,253,0
8/27/2020,Honolulu,Hawaii,15003,6915,47
8/27/2020,Kauai,Hawaii,15007,56,0
8/27/2020,Maui,Hawaii,15009,318,7
8/28/2020,Hawaii,Hawaii,15001,279,0
8/28/2020,Honolulu,Hawaii,15003,7147,50
8/28/2020,Kauai,Hawaii,15007,56,0
8/28/2020,Maui,Hawaii,15009,324,8
8/29/2020,Hawaii,Hawaii,15001,318,0
8/29/2020,Honolulu,Hawaii,15003,7410,53
8/29/2020,Kauai,Hawaii,15007,57,0
8/29/2020,Maui,Hawaii,15009,330,8
8/30/2020,Hawaii,Hawaii,15001,340,0
8/30/2020,Honolulu,Hawaii,15003,7584,54
8/30/2020,Kauai,Hawaii,15007,57,0
8/30/2020,Maui,Hawaii,15009,334,8
8/31/2020,Hawaii,Hawaii,15001,364,2
8/31/2020,Honolulu,Hawaii,15003,7691,59
8/31/2020,Kauai,Hawaii,15007,57,0
8/31/2020,Maui,Hawaii,15009,335,8
9/1/2020,Hawaii,Hawaii,15001,383,3
9/1/2020,Honolulu,Hawaii,15003,7848,62
9/1/2020,Kauai,Hawaii,15007,57,0
9/1/2020,Maui,Hawaii,15009,340,8
9/2/2020,Hawaii,Hawaii,15001,418,3
9/2/2020,Honolulu,Hawaii,15003,8149,63
9/2/2020,Kauai,Hawaii,15007,57,0
9/2/2020,Maui,Hawaii,15009,342,8
9/3/2020,Hawaii,Hawaii,15001,435,3
9/3/2020,Honolulu,Hawaii,15003,8339,67
9/3/2020,Kauai,Hawaii,15007,57,0
9/3/2020,Maui,Hawaii,15009,346,8
9/4/2020,Hawaii,Hawaii,15001,469,3
9/4/2020,Honolulu,Hawaii,15003,8575,69
9/4/2020,Kauai,Hawaii,15007,57,0
9/4/2020,Maui,Hawaii,15009,347,8
9/5/2020,Hawaii,Hawaii,15001,493,3
9/5/2020,Honolulu,Hawaii,15003,8765,72
9/5/2020,Kauai,Hawaii,15007,57,0
9/5/2020,Maui,Hawaii,15009,352,8
9/6/2020,Hawaii,Hawaii,15001,506,3
9/6/2020,Honolulu,Hawaii,15003,8911,73
9/6/2020,Kauai,Hawaii,15007,58,0
9/6/2020,Maui,Hawaii,15009,354,8
9/7/2020,Hawaii,Hawaii,15001,517,3
9/7/2020,Honolulu,Hawaii,15003,9000,74
9/7/2020,Kauai,Hawaii,15007,58,0
9/7/2020,Maui,Hawaii,15009,358,8
9/8/2020,Hawaii,Hawaii,15001,530,3
9/8/2020,Honolulu,Hawaii,15003,9114,75
9/8/2020,Kauai,Hawaii,15007,58,0
9/8/2020,Maui,Hawaii,15009,428,9
9/9/2020,Hawaii,Hawaii,15001,540,3
9/9/2020,Honolulu,Hawaii,15003,9202,78
9/9/2020,Kauai,Hawaii,15007,58,0
9/9/2020,Maui,Hawaii,15009,428,9
9/10/2020,Hawaii,Hawaii,15001,548,3
9/10/2020,Honolulu,Hawaii,15003,9360,81
9/10/2020,Kauai,Hawaii,15007,58,0
9/10/2020,Maui,Hawaii,15009,431,9
9/11/2020,Hawaii,Hawaii,15001,569,3
9/11/2020,Honolulu,Hawaii,15003,9503,83
9/11/2020,Kauai,Hawaii,15007,58,0
9/11/2020,Maui,Hawaii,15009,437,9
9/12/2020,Hawaii,Hawaii,15001,579,3
9/12/2020,Honolulu,Hawaii,15003,9616,84
9/12/2020,Kauai,Hawaii,15007,58,0
9/12/2020,Maui,Hawaii,15009,443,9
9/13/2020,Hawaii,Hawaii,15001,594,3
9/13/2020,Honolulu,Hawaii,15003,9711,86
9/13/2020,Kauai,Hawaii,15007,58,0
9/13/2020,Maui,Hawaii,15009,445,9
9/14/2020,Hawaii,Hawaii,15001,601,3
9/14/2020,Honolulu,Hawaii,15003,9780,86
9/14/2020,Kauai,Hawaii,15007,58,0
9/14/2020,Maui,Hawaii,15009,448,9
9/15/2020,Hawaii,Hawaii,15001,606,3
9/15/2020,Honolulu,Hawaii,15003,9839,87
9/15/2020,Kauai,Hawaii,15007,58,0
9/15/2020,Maui,Hawaii,15009,448,9
9/16/2020,Hawaii,Hawaii,15001,610,3
9/16/2020,Honolulu,Hawaii,15003,9936,90
9/16/2020,Kauai,Hawaii,15007,58,0
9/16/2020,Maui,Hawaii,15009,448,9
9/17/2020,Hawaii,Hawaii,15001,630,3
9/17/2020,Honolulu,Hawaii,15003,10072,94
9/17/2020,Kauai,Hawaii,15007,58,0
9/17/2020,Maui,Hawaii,15009,451,9
9/18/2020,Hawaii,Hawaii,15001,640,15
9/18/2020,Honolulu,Hawaii,15003,10177,95
9/18/2020,Kauai,Hawaii,15007,57,0
9/18/2020,Maui,Hawaii,15009,474,9
9/19/2020,Hawaii,Hawaii,15001,647,15
9/19/2020,Honolulu,Hawaii,15003,10276,95
9/19/2020,Kauai,Hawaii,15007,57,0
9/19/2020,Maui,Hawaii,15009,477,9
9/20/2020,Hawaii,Hawaii,15001,652,15
9/20/2020,Honolulu,Hawaii,15003,10347,95
9/20/2020,Kauai,Hawaii,15007,57,0
9/20/2020,Maui,Hawaii,15009,478,9
9/21/2020,Hawaii,Hawaii,15001,659,15
9/21/2020,Honolulu,Hawaii,15003,10396,95
9/21/2020,Kauai,Hawaii,15007,57,0
9/21/2020,Maui,Hawaii,15009,478,9
9/22/2020,Hawaii,Hawaii,15001,667,15
9/22/2020,Honolulu,Hawaii,15003,10451,95
9/22/2020,Kauai,Hawaii,15007,57,0
9/22/2020,Maui,Hawaii,15009,478,9
9/23/2020,Hawaii,Hawaii,15001,680,15
9/23/2020,Honolulu,Hawaii,15003,10604,97
9/23/2020,Kauai,Hawaii,15007,57,0
9/23/2020,Maui,Hawaii,15009,479,9
9/24/2020,Hawaii,Hawaii,15001,685,15
9/24/2020,Honolulu,Hawaii,15003,10685,99
9/24/2020,Kauai,Hawaii,15007,57,0
9/24/2020,Maui,Hawaii,15009,481,9
9/25/2020,Hawaii,Hawaii,15001,700,15
9/25/2020,Honolulu,Hawaii,15003,10791,102
9/25/2020,Kauai,Hawaii,15007,58,0
9/25/2020,Maui,Hawaii,15009,490,9
9/26/2020,Hawaii,Hawaii,15001,702,15
9/26/2020,Honolulu,Hawaii,15003,10915,106
9/26/2020,Kauai,Hawaii,15007,59,0
9/26/2020,Maui,Hawaii,15009,490,9
9/27/2020,Hawaii,Hawaii,15001,709,15
9/27/2020,Honolulu,Hawaii,15003,11006,107
9/27/2020,Kauai,Hawaii,15007,59,0
9/27/2020,Maui,Hawaii,15009,490,9
9/28/2020,Hawaii,Hawaii,15001,709,15
9/28/2020,Honolulu,Hawaii,15003,11093,107
9/28/2020,Kauai,Hawaii,15007,59,0
9/28/2020,Maui,Hawaii,15009,490,9
9/29/2020,Hawaii,Hawaii,15001,712,15
9/29/2020,Honolulu,Hawaii,15003,11173,109
9/29/2020,Kauai,Hawaii,15007,59,0
9/29/2020,Maui,Hawaii,15009,492,9
9/30/2020,Hawaii,Hawaii,15001,739,15
9/30/2020,Honolulu,Hawaii,15003,11264,111
9/30/2020,Kauai,Hawaii,15007,59,0
9/30/2020,Maui,Hawaii,15009,493,9
10/1/2020,Hawaii,Hawaii,15001,745,15
10/1/2020,Honolulu,Hawaii,15003,11363,114
10/1/2020,Kauai,Hawaii,15007,59,0
10/1/2020,Maui,Hawaii,15009,493,9
10/2/2020,Hawaii,Hawaii,15001,763,15
10/2/2020,Honolulu,Hawaii,15003,11435,117
10/2/2020,Kauai,Hawaii,15007,59,0
10/2/2020,Maui,Hawaii,15009,497,9
10/3/2020,Hawaii,Hawaii,15001,806,15
10/3/2020,Honolulu,Hawaii,15003,11522,128
10/3/2020,Kauai,Hawaii,15007,59,0
10/3/2020,Maui,Hawaii,15009,500,9
10/4/2020,Hawaii,Hawaii,15001,821,15
10/4/2020,Honolulu,Hawaii,15003,11575,128
10/4/2020,Kauai,Hawaii,15007,59,0
10/4/2020,Maui,Hawaii,15009,502,12
10/5/2020,Hawaii,Hawaii,15001,831,15
10/5/2020,Honolulu,Hawaii,15003,11616,129
10/5/2020,Kauai,Hawaii,15007,59,0
10/5/2020,Maui,Hawaii,15009,501,12
10/6/2020,Hawaii,Hawaii,15001,845,15
10/6/2020,Honolulu,Hawaii,15003,11683,132
10/6/2020,Kauai,Hawaii,15007,59,0
10/6/2020,Maui,Hawaii,15009,503,12
10/7/2020,Hawaii,Hawaii,15001,863,15
10/7/2020,Honolulu,Hawaii,15003,11772,135
10/7/2020,Kauai,Hawaii,15007,59,0
10/7/2020,Maui,Hawaii,15009,502,12
10/8/2020,Hawaii,Hawaii,15001,877,15
10/8/2020,Honolulu,Hawaii,15003,11858,136
10/8/2020,Kauai,Hawaii,15007,59,0
10/8/2020,Maui,Hawaii,15009,503,12
10/9/2020,Hawaii,Hawaii,15001,922,15
10/9/2020,Honolulu,Hawaii,15003,11968,138
10/9/2020,Kauai,Hawaii,15007,59,0
10/9/2020,Maui,Hawaii,15009,512,12
10/10/2020,Hawaii,Hawaii,15001,935,15
10/10/2020,Honolulu,Hawaii,15003,12026,140
10/10/2020,Kauai,Hawaii,15007,59,0
10/10/2020,Maui,Hawaii,15009,512,12
10/11/2020,Hawaii,Hawaii,15001,959,15
10/11/2020,Honolulu,Hawaii,15003,12103,141
10/11/2020,Kauai,Hawaii,15007,59,0
10/11/2020,Maui,Hawaii,15009,512,12
10/12/2020,Hawaii,Hawaii,15001,964,15
10/12/2020,Honolulu,Hawaii,15003,12140,141
10/12/2020,Kauai,Hawaii,15007,59,0
10/12/2020,Maui,Hawaii,15009,512,12
10/13/2020,Hawaii,Hawaii,15001,985,15
10/13/2020,Honolulu,Hawaii,15003,12169,144
10/13/2020,Kauai,Hawaii,15007,59,0
10/13/2020,Maui,Hawaii,15009,523,13
10/14/2020,Hawaii,Hawaii,15001,1003,18
10/14/2020,Honolulu,Hawaii,15003,12248,146
10/14/2020,Kauai,Hawaii,15007,59,0
10/14/2020,Maui,Hawaii,15009,524,18
10/15/2020,Hawaii,Hawaii,15001,1016,18
10/15/2020,Honolulu,Hawaii,15003,12321,147
10/15/2020,Kauai,Hawaii,15007,59,0
10/15/2020,Maui,Hawaii,15009,526,18
10/16/2020,Hawaii,Hawaii,15001,1037,18
10/16/2020,Honolulu,Hawaii,15003,12392,148
10/16/2020,Kauai,Hawaii,15007,59,0
10/16/2020,Maui,Hawaii,15009,519,18
10/17/2020,Hawaii,Hawaii,15001,1049,18
10/17/2020,Honolulu,Hawaii,15003,12473,149
10/17/2020,Kauai,Hawaii,15007,60,0
10/17/2020,Maui,Hawaii,15009,519,18
10/18/2020,Hawaii,Hawaii,15001,1063,18
10/18/2020,Honolulu,Hawaii,15003,12540,150
10/18/2020,Kauai,Hawaii,15007,61,0
10/18/2020,Maui,Hawaii,15009,519,18
10/19/2020,Hawaii,Hawaii,15001,1070,18
10/19/2020,Honolulu,Hawaii,15003,12569,150
10/19/2020,Kauai,Hawaii,15007,60,0
10/19/2020,Maui,Hawaii,15009,519,18
10/20/2020,Hawaii,Hawaii,15001,1094,18
10/20/2020,Honolulu,Hawaii,15003,12627,152
10/20/2020,Kauai,Hawaii,15007,60,0
10/20/2020,Maui,Hawaii,15009,521,18
10/21/2020,Hawaii,Hawaii,15001,1102,28
10/21/2020,Honolulu,Hawaii,15003,12692,156
10/21/2020,Kauai,Hawaii,15007,60,0
10/21/2020,Maui,Hawaii,15009,525,18
10/22/2020,Hawaii,Hawaii,15001,1131,28
10/22/2020,Honolulu,Hawaii,15003,12744,159
10/22/2020,Kauai,Hawaii,15007,60,0
10/22/2020,Maui,Hawaii,15009,543,18
10/23/2020,Hawaii,Hawaii,15001,1166,28
10/23/2020,Honolulu,Hawaii,15003,12809,162
10/23/2020,Kauai,Hawaii,15007,60,0
10/23/2020,Maui,Hawaii,15009,582,18
10/24/2020,Hawaii,Hawaii,15001,1182,28
10/24/2020,Honolulu,Hawaii,15003,12866,165
10/24/2020,Kauai,Hawaii,15007,60,0
10/24/2020,Maui,Hawaii,15009,598,18
10/25/2020,Hawaii,Hawaii,15001,1233,28
10/25/2020,Honolulu,Hawaii,15003,12914,165
10/25/2020,Kauai,Hawaii,15007,61,0
10/25/2020,Maui,Hawaii,15009,615,18
10/26/2020,Hawaii,Hawaii,15001,1242,28
10/26/2020,Honolulu,Hawaii,15003,12939,165
10/26/2020,Kauai,Hawaii,15007,62,0
10/26/2020,Maui,Hawaii,15009,615,18
10/27/2020,Hawaii,Hawaii,15001,1245,30
10/27/2020,Honolulu,Hawaii,15003,12988,166
10/27/2020,Kauai,Hawaii,15007,62,0
10/27/2020,Maui,Hawaii,15009,625,18
10/28/2020,Hawaii,Hawaii,15001,1250,30
10/28/2020,Honolulu,Hawaii,15003,13028,166
10/28/2020,Kauai,Hawaii,15007,63,0
10/28/2020,Maui,Hawaii,15009,634,16
10/29/2020,Hawaii,Hawaii,15001,1258,30
10/29/2020,Honolulu,Hawaii,15003,13088,168
10/29/2020,Kauai,Hawaii,15007,64,0
10/29/2020,Maui,Hawaii,15009,636,16
10/30/2020,Hawaii,Hawaii,15001,1270,31
10/30/2020,Honolulu,Hawaii,15003,13167,168
10/30/2020,Kauai,Hawaii,15007,64,0
10/30/2020,Maui,Hawaii,15009,644,16
10/31/2020,Hawaii,Hawaii,15001,1285,31
10/31/2020,Honolulu,Hawaii,15003,13213,170
10/31/2020,Kauai,Hawaii,15007,64,0
10/31/2020,Maui,Hawaii,15009,645,17
11/1/2020,Hawaii,Hawaii,15001,1311,31
11/1/2020,Honolulu,Hawaii,15003,13266,170
11/1/2020,Kauai,Hawaii,15007,65,0
11/1/2020,Maui,Hawaii,15009,645,17
11/2/2020,Hawaii,Hawaii,15001,1315,31
11/2/2020,Honolulu,Hawaii,15003,13330,170
11/2/2020,Kauai,Hawaii,15007,66,0
11/2/2020,Maui,Hawaii,15009,648,17
11/3/2020,Hawaii,Hawaii,15001,1322,31
11/3/2020,Honolulu,Hawaii,15003,13401,170
11/3/2020,Kauai,Hawaii,15007,67,0
11/3/2020,Maui,Hawaii,15009,651,17
11/4/2020,Hawaii,Hawaii,15001,1343,31
11/4/2020,Honolulu,Hawaii,15003,13525,170
11/4/2020,Kauai,Hawaii,15007,67,0
11/4/2020,Maui,Hawaii,15009,656,17
11/5/2020,Hawaii,Hawaii,15001,1367,31
11/5/2020,Honolulu,Hawaii,15003,13590,170
11/5/2020,Kauai,Hawaii,15007,68,0
11/5/2020,Maui,Hawaii,15009,658,17
11/6/2020,Hawaii,Hawaii,15001,1386,31
11/6/2020,Honolulu,Hawaii,15003,13682,170
11/6/2020,Kauai,Hawaii,15007,70,0
11/6/2020,Maui,Hawaii,15009,678,17
11/7/2020,Hawaii,Hawaii,15001,1397,31
11/7/2020,Honolulu,Hawaii,15003,13790,171
11/7/2020,Kauai,Hawaii,15007,72,0
11/7/2020,Maui,Hawaii,15009,680,17
11/8/2020,Hawaii,Hawaii,15001,1416,31
11/8/2020,Honolulu,Hawaii,15003,13896,172
11/8/2020,Kauai,Hawaii,15007,72,0
11/8/2020,Maui,Hawaii,15009,682,17
11/9/2020,Hawaii,Hawaii,15001,1420,31
11/9/2020,Honolulu,Hawaii,15003,13948,172
11/9/2020,Kauai,Hawaii,15007,74,0
11/9/2020,Maui,Hawaii,15009,682,17
11/10/2020,Hawaii,Hawaii,15001,1424,31
11/10/2020,Honolulu,Hawaii,15003,14010,173
11/10/2020,Kauai,Hawaii,15007,72,0
11/10/2020,Maui,Hawaii,15009,687,17
